id;project_id;name;department;organization;start_date;finish_date
1;37454;Directives application Home Loan Account;Dam;Practical Fresh Pants;2020-10-11;2020-10-11
2;70807;Movies Producer;Implementation Electronics Officer;methodology Albania;2020-10-11;2020-10-12
3;29122;Investment Account Steel;Coordinator;Common;2020-10-11;2020-10-11
4;19967;Cambridgeshire Mississippi;HDD;Table Small Frozen Sausages Planner;2020-10-11;2020-10-11
5;30461;Intelligent;Monitored Bahamian Dollar Investment Account;Games Regional Digitized;2020-10-11;2020-10-11
6;31171;Costa Rica Mayotte;Industrial;connect Markets Chief;2020-10-11;2020-10-11
7;92187;Awesome;Aruba;software scale interactive;2020-10-11;2020-10-11
8;35675;mission-critical Faroe Islands Plastic;Car Industrial deliverables;orange Books;2020-10-11;2020-10-11
9;70685;application quantify Unbranded Plastic Tuna;Internal;Investment Account archive Fantastic Plastic Chicken;2020-10-11;2020-10-11
10;72960;withdrawal COM;embrace Developer;synthesize Idaho compress;2020-10-11;2020-10-12
